"基金经理","年化Alpha","最大回撤","波动率","夏普Sharp","重仓股集中度","重行业集中度","总交易日","任职时间","规模中间值","规模最大值","成长Alpha","成长天数","价值Alpha","价值天数","牛市Alpha","牛市天数","熊市Alpha","熊市天数"
"丁丹",0.024257620235809983,-0.1598,0.17765278570486606,0.13654511602260536,41.61902448109218,67.79766832079206,565,"20150811-20171204",65670297.16,259918569.16,nan,0,0.024257620235809983,565,-0.012073781018267823,451,nan,114
"丁靓",-0.22584343605354168,-0.1236,0.09431866842082497,-2.394472269751392,41.4462366104126,8.742615620605648,132,"20160527-20161210",581635523.98,826715204.28,nan,0,-0.22584343605354168,132,-0.22584343605354168,132,nan,0
"万志勇",0.10310825197165446,-0.1038,0.11615365241385246,0.8876884181332708,23.06339383125305,nan,252,"20110506-20120518",1897589968.12,2976005818.18,nan,0,0.10310825197165446,252,nan,0,0.10310825197165446,252
"丘栋荣",0.20213148077621707,-0.2242,0.2103761317946826,0.960809950500887,48.319195834073156,71.3991246656938,810,"20140916-20180110",2131834887.3,7660673816.47,-0.3834398753560923,139,0.3234346380077982,671,0.12154972536396724,654,0.5399549938506487,156
"付斌",nan,-0.0441,0.04697589330845705,nan,nan,nan,74,"20170920-20180110",328753294.2,328787835.45,nan,0,nan,74,nan,74,nan,0
"伍旋",0.03560165575882903,-0.1986,0.19987984793969324,0.1781152833854996,33.830953538417816,67.36990547180176,663,"20150428-20180110",2001311535.18,4176399857.2,nan,37,0.050051962134468865,626,-0.03415688839094649,507,0.2623169242455994,156
"何如克",0.11682945372522499,-0.058,0.06811694223361286,1.7151306252789271,27.534512221813202,nan,142,"20040827-20050806",1736296267.62,1924610187.53,nan,5,0.16114879932696036,137,0.11682945372522499,142,nan,0
"何珅华",0.004047732874896643,-0.2203,0.2543336406550918,0.015915051050544568,36.15045758656093,61.95093049321856,625,"20150623-20180110",1801837884.31,2908449505.42,nan,0,0.004047732874896643,625,-0.0651833828507139,476,0.22521559250839085,149
"何肖颉",0.009183045108796545,-0.1761,0.14843368992340544,0.06186631292084141,37.60204682085249,60.61077864964803,722,"20150127-20180110",2288990879.94,4971565540.39,nan,96,0.037253204540796475,626,-0.041212004090279156,566,0.19202662104903298,156
"佘中强",0.09203918859686562,-0.097,0.15551856874033337,0.5918212168640893,48.98889640967051,nan,353,"20160801-20180110",1223819751.2,1669479538.0,nan,0,0.09203918859686562,353,0.09203918859686562,353,nan,0
"余昊",0.08083416102290927,-0.127,0.15788932941552436,0.5119672198377284,43.529069662094116,8.742615620605648,390,"20160607-20180110",982205163.49,1864955982.18,nan,0,0.08083416102290927,390,0.08083416102290927,390,nan,0
"侯玉琦",-0.004560723033753716,-0.3273,0.23646484572513754,-0.0192871080678733,43.02480826377869,74.5171726544698,1157,"20130413-20180110",156730603.97,454791356.34,0.014561909729603525,486,-0.018411094901103372,671,0.014235363016684918,1001,-0.12516894185740138,156
"修世宇",-0.09119336845251676,-0.3483,0.28758738529796535,-0.3170979434930102,55.526751446723935,77.12420229911804,789,"20141022-20180110",1957521503.31,4282776709.54,nan,118,-0.19194524529337562,671,-0.03619985731748725,633,-0.3143401155581172,156
"光磊",0.035621136126313416,-0.1905,0.21304206797224573,0.16720235803829128,35.650450721383095,70.09391593933105,676,"20150409-20180110",274137726.67,1547886218.23,nan,50,0.03440483933984996,626,0.05698675495998436,520,-0.03559759331925638,156
"兰乔",-0.08037282111826895,-0.1419,0.09401501110814267,-0.8548934916980276,50.7741273244222,65.82582871119182,373,"20160704-20180110",84780888.1,290056000.77,nan,0,-0.08037282111826895,373,-0.08037282111826895,373,nan,0
"冯士祯",0.05599096202450379,-0.0527,0.07077161808177813,0.7911499488369056,34.99339151382446,70.50732755661011,321,"20160914-20180110",714549863.05,738301068.96,nan,0,0.05599096202450379,321,0.05599096202450379,321,nan,0
"冯明远",0.18849628218213374,-0.0719,0.12010361490857596,1.5694472004495363,42.76960110664368,88.58194518089294,303,"20161019-20180110",87608291.25,551601149.06,nan,0,0.18849628218213374,303,0.18849628218213374,303,nan,0
"冷文鹏",0.056601181298044714,-0.0363,0.05748580430788037,0.984611452853685,21.870638966560364,71.73817777633667,226,"20170213-20180110",161933298.56,283509669.6,nan,0,0.056601181298044714,226,0.056601181298044714,226,nan,0
"凌晨",-0.041563945908354244,-0.2232,0.2548911646568817,-0.16306546350598297,37.74353907505671,73.80917979280154,513,"20150210-20170321",2552524199.55,3457625451.6899996,nan,86,0.04177918685804388,427,-0.1744188224073824,357,0.26246932915672927,156
"刘伟林",0.06283029561211195,-0.184,0.25963650339550653,0.24199330521872736,48.232468008995056,71.85684802532197,516,"20151202-20180110",2253663292.44,2909646984.02,nan,0,0.06283029561211195,516,-0.01917353409572521,476,nan,40
"刘天任",-0.11378447082773677,-0.4156,0.2971910237017734,-0.38286644532682024,55.79214702712165,76.55582871701982,659,"20141211-20170822",5736500923.16,13159624022.125,nan,112,-0.25456748780704874,547,-0.11912567762954726,503,-0.096562502742412,156
"刘彦春",0.10399306876160533,-0.1175,0.176754156288823,0.5883486473250265,41.72787117958069,65.52559890747071,324,"20150710-20161108",225496808.68,259918569.16,nan,0,0.10399306876160533,324,-0.04650047929275448,188,0.3120282675426321,136
"刘忠勋",0.04994562715243006,-0.2014,0.16397724254939422,0.30458877327068806,23.989748968018425,73.21110813958305,911,"20110816-20150521",200830977.215,514443331.18,0.15508636182690677,509,-0.08318032794535259,402,0.061583745872711905,597,0.027818375954951458,314
"刘斌",0.02749486409654754,-0.107,0.19524738753272933,0.14082065037586522,18.446903077264626,64.33307913939159,896,"20140515-20180110",510415758.51,1104956347.48,-0.1048519789119581,225,0.07187346272086008,671,-0.0469106189533227,740,0.38044395035875267,156
"刘旭",0.21957004787293766,-0.0674,0.1617553665218802,1.357420483747827,57.651568038122996,76.4938851084028,599,"20150729-20180110",161784362.55,284836223.15,nan,0,0.21957004787293766,599,0.1752776727281614,476,0.39097793867711317,123
"刘晓明",0.055588206887481055,-0.1904,0.20231739395060955,0.2747574284248217,48.232619206110634,71.05348841349284,683,"20150328-20180110",69984005.94,373031745.41,nan,57,0.06396837643505933,626,0.07843672101705967,527,-0.021598760716928966,156
"刘晨",0.007237113499550442,-0.0722,0.08560191802743737,0.08454382409084317,nan,nan,127,"20170707-20180110",82871627.45,241695733.8,nan,0,0.007237113499550442,127,0.007237113499550442,127,nan,0
"刘柯",-0.08241891411503659,-0.3486,0.2841394558393832,-0.2900650100548721,55.526751446723935,77.12420229911804,770,"20141118-20180110",1957521503.31,4282776709.54,nan,112,-0.19162774523363862,658,-0.023494309188130173,614,-0.3143401155581172,156
"刘美玲",-0.07184402826330917,-0.2708,0.18283597693498732,-0.39294251310755657,35.123011906941734,64.71734833717346,246,"20150212-20160220",2304823520.41,3718896681.55,nan,84,0.08112454303397644,162,nan,90,-0.054211239282646144,156
"刘自强",0.021767870049920004,-0.2269,0.25666739711627623,0.08480964195097462,26.528260151545208,81.8191189898385,754,"20141210-20180110",977503785.66,3547157440.65,nan,112,-0.014678067508858545,642,0.009939675187444966,598,0.06710928368940786,156
"刘芳洁",0.015062354038149268,-0.2191,0.19064047045676447,0.07900921563013702,44.07118499279022,nan,549,"20100820-20121124",3727764566.67,6495210076.24,nan,43,0.08147196404400234,506,nan,0,0.015062354038149268,549
"刘荟",0.0429658333698478,-0.0363,0.05848042801900643,0.734704495594384,21.870638966560364,71.73817777633667,236,"20170123-20180110",161933298.56,283509669.6,nan,0,0.0429658333698478,236,0.0429658333698478,236,nan,0
"刘辉",0.2262165396360945,-0.1936,0.2513577136456531,0.8999785061500005,49.839065074920654,80.68855953216551,342,"20120721-20131221",392672059.61,1485586221.75,0.3765156135266813,210,-0.012895623371657153,132,0.2882163198781989,253,nan,89
"刘金玉",0.18459511898253228,-0.1309,0.2007427603135937,0.9195605295760798,37.45961391925812,nan,578,"20110308-20130724",1196345534.95,1580945335.27,nan,110,0.059300740468871044,468,0.38570444348206917,153,0.11219576216269897,425
"刘钊",nan,-0.1494,0.22340226037818656,nan,nan,nan,51,"20150602-20150812",2514350093.41,2622517570.21,nan,13,nan,38,nan,7,nan,44
"刘霄汉",-0.040910957490962796,-0.162,0.19491611730049235,-0.20989006993142817,45.845240791638695,74.87468576431274,579,"20150826-20180110",330143526.92,480289455.78,nan,0,-0.040910957490962796,579,-0.07592044439529955,476,nan,103
"刘魁",-0.0009100299959446102,-0.1989,0.15923342072705968,-0.005715069058928797,48.146981438001,58.93690331776937,200,"20150126-20151121",2081670563.11,2832964397.34,nan,97,nan,103,nan,91,nan,109
"劳杰男",0.05653368339604663,-0.1614,0.3032745673103296,0.18641089458120572,47.753903201648164,67.23685463837215,612,"20150710-20180110",1589310684.74,3139028179.38,nan,0,0.05653368339604663,612,0.01670614667384102,476,0.1959300619237664,136
"单文",-0.2336759246838859,-0.3528,0.1286337290533565,-1.8165991641815697,55.50886994600296,77.59788531064987,381,"20160622-20180110",6097502033.15,8613674685.82,nan,0,-0.2336759246838859,381,-0.2336759246838859,381,nan,0
"卞亚军",-0.27851667830669047,-0.2118,0.10848465598468691,-2.5673370651237932,42.788628578186035,61.87782180309296,163,"20140529-20150123",422253238.515,424450635.2,nan,118,nan,45,-0.27851667830669047,163,nan,0
"卢扬",-0.04055879710985319,-0.2262,0.20321314746790323,-0.19958746574829417,40.76972977320353,74.10577249526978,472,"20150226-20180110",1386226177.87,3762661683.38,nan,79,-0.02953151705909316,393,-0.02583077302719516,316,-0.07039248691831429,156
"卫学海",-0.04420262004706198,-0.3026,0.17958007899442385,-0.24614434014384476,51.22442388534546,74.3783401966095,426,"20160120-20171021",51364634.3,259450083.47,nan,0,-0.04420262004706198,426,-0.0964821628206073,420,nan,6
"厉叶淼",0.12053847945667125,-0.1827,0.2535151331738277,0.4754685763631382,46.714071137564524,85.26471977574485,591,"20150810-20180110",860975821.09,1178364531.13,nan,0,0.12053847945667125,591,0.04603397860981783,476,nan,115
"史博",-0.0006208987034533063,-0.1871,0.20677460437415687,-0.003002780275327213,38.99208003282547,nan,446,"20070726-20090523",2926326607.85,4856918075.1,-0.328249993763975,222,0.32408293657974224,224,-0.16577253577298376,252,0.21390597006727688,194
"史彬",-0.09174313307589338,-0.3856,0.29014365026870487,-0.316199003462351,34.86394175887108,73.54745751619339,709,"20150213-20180110",2727146410.61,5653337853.53,nan,83,-0.14523580648736922,626,-0.07094617645299732,553,-0.16546567802756987,156
"史程",nan,-0.007,0.018638054039294513,nan,nan,nan,19,"20171213-20180110",497056633.07,497056633.07,nan,0,nan,19,nan,19,nan,0
"史高飞",-0.050717740312473246,-0.3214,0.31286787675807853,-0.1621059369789189,62.44848079151578,77.79925613933139,723,"20150126-20180110",692339052.24,2259215657.67,nan,97,-0.10244137398936273,626,-0.046882038883657176,567,-0.06465903973643958,156
"叶乐天",-0.009419738388493798,-0.0755,0.07367925292096561,-0.12784790853672445,15.49062180519104,61.93821835517883,347,"20160809-20180110",193419295.5,325350136.19,nan,0,-0.009419738388493798,347,-0.009419738388493798,347,nan,0
"叶从飞",-0.002923063090386862,-0.2889,0.26219943900703724,-0.011148243113931335,52.23143918514252,75.25410652160645,810,"20140916-20180110",3590735744.95,5783313797.3,0.19286925386870207,139,-0.04348212725925919,671,-0.027305969837246934,654,0.09929758442529589,156
"叶松",0.030981852793194632,-0.0846,0.09645255880551777,0.3212133838322001,58.136693358421326,85.10614913702011,312,"20160929-20180110",69546727.14,220569814.97,nan,0,0.030981852793194632,312,0.030981852793194632,312,nan,0
"吕佳玮",nan,-0.1639,0.06009693911329249,nan,nan,nan,102,"20170811-20180110",1177200843.28,1177255250.75,nan,0,nan,102,nan,102,nan,0
"吴俊峰",-0.1757317243239052,-0.2018,0.15307196541873808,-1.148033370076486,55.65500569343567,79.05393314361572,279,"20130724-20140911",961709936.9,1168865832.88,-0.1757317243239052,279,nan,0,-0.1757317243239052,279,nan,0
"吴兴武",-0.01850943224866953,-0.1057,0.07720836699479518,-0.23973350258680254,52.52005958557129,62.242739379405975,177,"20170425-20180110",443228968.11,639488092.48,nan,0,-0.01850943224866953,177,-0.01850943224866953,177,nan,0
"吴华",-0.21164430179791593,-0.3636,0.28064071712707345,-0.754146810785421,54.72015539805094,75.63894033432007,270,"20141118-20151223",788406124.64,1027507749.84,nan,112,0.0841601931193392,158,-0.2809757073487914,138,-0.13916146872200055,132
"吴国雄",-0.05695901081766681,-0.0719,0.04090286130281525,-1.3925434310324507,6.429242700338364,64.19064426422119,241,"20170116-20180110",181014519.075,262942248.6,nan,0,-0.05695901081766681,241,-0.05695901081766681,241,nan,0
"吴圣涛",-0.05469187127910319,-0.2144,0.11351162797145983,-0.48181734555735856,60.99282058080038,77.65298374493916,453,"20151231-20171109",3151646314.32,4244452643.5,nan,0,-0.05469187127910319,453,-0.058467870635906194,434,nan,19
"吴坚",0.09546793699423853,-0.1098,0.15732077800547015,0.6068361611517015,27.673120856285095,78.84229914347331,523,"20150901-20171026",575272711.93,706175929.45,nan,0,0.09546793699423853,523,0.06474304903022933,424,nan,99
"吴培文",-0.0460693787349124,-0.1814,0.17912084473826528,-0.25719719445400024,32.387441754341125,87.36447223424912,556,"20150930-20180110",203148219.35,448679341.58,nan,0,-0.0460693787349124,556,0.00743195281441617,476,nan,80
"吴振翔",0.013642259336629667,-0.2008,0.1960751956512217,0.06957667078347075,9.947068512439728,68.849878013134,708,"20150216-20180110",1697323706.18,2698606120.18,nan,82,0.04456000085394289,626,-0.03691876216600161,552,0.1925504892690174,156
"吴文哲",-0.04701497764361356,-0.2868,0.26201246964489733,-0.17943793937491773,34.82874298095703,77.71639557679494,433,"20150414-20170116",1879617120.28,5418692990.52,nan,47,-0.0015421359710519557,386,-0.07734234123433895,277,0.006835533347610444,156
"吴超",nan,-0.0381,0.06267785093683473,nan,nan,nan,87,"20170901-20180110",34568410.94,64816889.85,nan,0,nan,87,nan,87,nan,0
"周伟锋",0.24152488094110242,-0.1059,0.25148698056649277,0.9603872152627941,45.152148405710854,75.89201712608337,401,"20150804-20180110",482127459.55,1191514690.24,nan,0,0.24152488094110242,401,0.09530059585780905,282,nan,119
"周可彦",0.21968995011322032,-0.0584,0.11834162449379593,1.856404718567452,53.43899714946747,75.31183767318726,346,"20160810-20180110",128307382.33,254403239.08,nan,0,0.21968995011322032,346,0.21968995011322032,346,nan,0
"周大鹏",nan,-0.0894,0.06985312290735851,nan,nan,nan,77,"20170915-20180110",38588466.18000001,51449799.335,nan,0,nan,77,nan,77,nan,0
"周应波",0.2390836244928723,-0.0833,0.17104846040270053,1.397753735578772,45.225268268585204,74.80178532600402,537,"20151103-20180110",90037332.28,2692203772.54,nan,0,0.2390836244928723,537,0.19562705340561148,476,nan,61
"周志敏",nan,-0.0466,0.010816970414119345,nan,nan,nan,8,"20171228-20180110",10362238.25,10362957.04,nan,0,nan,8,nan,8,nan,0
"周志超",0.0015938003977163922,-0.3261,0.2451513713299471,0.006501290974103139,59.72041826248169,80.56047914937517,312,"20140809-20151121",741380938.03,1989790874.8,0.539128935057728,164,-0.5940532407120266,148,0.034017758770786284,203,nan,109
"周晶",0.0997036990095644,-0.0717,0.1161325713507276,0.8585334661061883,44.65619436899821,64.9622772137324,359,"20160722-20180110",304663485.48,643265101.6,nan,0,0.0997036990095644,359,0.0997036990095644,359,nan,0
"周炜炜",-0.09227404760299598,-0.0673,0.03777900178928132,-2.4424691821575877,39.081676721572876,73.31107020378113,138,"20140109-20140802",7794277626.06,9072864632.94,-0.09227404760299598,138,nan,0,-0.09227404760299598,138,nan,0
"唐明君",0.04664336449694418,-0.1781,0.17632557695973555,0.26452977101328484,54.31060870488485,nan,412,"20160420-20171222",1609366270.61,2255428215.85,nan,0,0.04664336449694418,412,0.04664336449694418,412,nan,0
"夏青",-0.15374038873307408,-0.0921,0.02850981043472394,-5.392543352228808,12.537118911743164,63.81163024902344,143,"20170615-20180110",910305133.61,1082546181.32,nan,0,-0.15374038873307408,143,-0.15374038873307408,143,nan,0
"姚志鹏",0.11701566122674395,-0.0553,0.12526243813143043,0.9341640077607812,41.85718959569931,77.59456966320674,415,"20160430-20180110",295677546.87,989453384.2566665,nan,0,0.11701566122674395,415,0.11701566122674395,415,nan,0
"姚爽",0.09694233051770662,-0.0601,0.0951269295014341,1.0190839862674759,50.6557343006134,79.13612103462219,268,"20161207-20180110",1144014140.5,1278878259.34,nan,0,0.09694233051770662,268,0.09694233051770662,268,nan,0
"姜诚",0.05584708201581746,-0.1525,0.15563725910955545,0.3588284857709158,62.35606563091278,84.46287727355957,259,"20150319-20160407",453220150.69,1665835181.06,nan,64,0.23504298621737213,195,nan,103,0.32025254748301246,156
"姜锋",-0.018721264748079273,-0.1918,0.2538338427801759,-0.07375401381876483,27.83287712931633,58.48178353905678,667,"20150422-20180110",3796287803.63,7963109847.92,nan,41,-0.006832640126876634,626,-0.08924297210946615,511,0.2122825330831302,156
"孔学兵",-0.11000359612436689,-0.2046,0.17859752367587672,-0.615930130834312,47.308199644088745,88.63491380214691,326,"20160907-20180110",194498219.1,274517725.76,nan,0,-0.11000359612436689,326,-0.11000359612436689,326,nan,0
"孙晟",-0.08423002704620665,-0.0855,0.06448367751321213,-1.3062224472068713,22.773885488510132,25.434035778045654,209,"20170308-20180110",346152566.93,391892239.91,nan,0,-0.08423002704620665,209,-0.08423002704620665,209,nan,0
"孙楠",-0.05852746280791578,-0.1629,0.14457420089495346,-0.40482646589512467,40.48568948109945,78.28805176417033,320,"20160919-20180110",2685703686.97,3430519561.93,nan,0,-0.05852746280791578,320,-0.05852746280791578,320,nan,0
"孙海波",0.004042960973200725,-0.2401,0.25579959696741905,0.01580518898829881,43.68870379924774,66.09381263256073,710,"20140703-20170601",74094712.95,424450635.2,0.30945548821067353,191,-0.10835355675773821,519,0.031366877295141864,554,-0.09299197263164148,156
"孙芳",-0.07498020286889294,-0.2124,0.17762216102518863,-0.4221331529586558,34.51755356788635,73.40663814544678,349,"20140210-20150709",1034208787.47,1194793060.35,0.06732074211954892,290,nan,59,-0.02104547509714616,329,nan,20
"孙迪",nan,-0.0135,0.03143821149869569,nan,nan,nan,18,"20171214-20180110",13934814.315,13993641.344999999,nan,0,nan,18,nan,18,nan,0
"季侃乐",0.1252544109961639,-0.1025,0.17017618896769737,0.7360278294864128,44.41807293891907,70.53646812438964,272,"20141124-20151231",4893321666.53,6795371173.99,nan,112,0.1604515805553111,160,-0.022139891526511135,134,0.2683764148949933,138
"季文华",0.15095951484104644,-0.0711,0.14395293316936889,1.048672725990473,47.85846619606018,76.40339138507844,448,"20160315-20180110",244735853.34,935300045.9,nan,0,0.15095951484104644,448,0.15095951484104644,448,nan,0
"宋炳珅",-0.029527047700436043,-0.2245,0.22332185359480494,-0.1322174575624377,47.484938168525694,69.44737223784128,788,"20141023-20180110",1634597879.38,3471360042.6499996,nan,117,-0.06469693897931925,671,-0.005863149162996424,632,-0.1253961751085247,156
"尹哲",nan,-0.2798,0.22228504442435934,nan,51.41810131072998,72.06113529205322,101,"20150415-20150908",2863908616.56,3243387723.85,nan,46,nan,55,nan,40,nan,61
"崔建波",0.04327323988410258,-0.1922,0.14278905898181257,0.30305711230728405,17.525275468826294,63.79960223606655,528,"20150331-20170526",1261895558.22,4216984191.86,nan,56,0.09206154171929387,472,-0.02560301321364888,372,0.20751661265566385,156
"崔惠军",nan,nan,0.0,nan,nan,nan,1,"20180109-20180110",0.0,0,nan,0,nan,1,nan,1,nan,0
"崔莹",0.2818974223964674,-0.1316,0.22356203125067795,1.2609360400755107,32.95693821907044,72.04924983978272,310,"20150618-20160921",1882159541.37,3286378903.8,nan,1,0.2828097117893363,309,0.13041656377206007,159,0.4414037569744857,151
"左金保",0.04414900841436477,-0.255,0.19681408381708698,0.22431833920684005,18.870549753308296,69.72663374245167,694,"20150313-20180110",691405618.8199999,2178731217.285,nan,68,0.04315377716038265,626,-0.029161849578603183,538,0.2969774802106269,156
"帅虎",0.09274565242124076,-0.2404,0.21134522545590262,0.4388348599840607,53.81971942053901,67.37532997131348,719,"20150130-20180110",842940442.05,1525270832.94,nan,93,0.05977259189542731,626,0.0018225679241371225,563,0.420884733010147,156
"师婧",nan,-0.02,0.019437219692818527,nan,nan,nan,11,"20171225-20180110",96161332.06,100674951.65,nan,0,nan,11,nan,11,nan,0
"常昊",-0.035548115990206006,-0.3345,0.18511492563642395,-0.19203268384757094,35.147253251075746,nan,600,"20040925-20070629",1036785740.04,5463343548.02,-0.2908255532187724,360,0.3473680398526436,240,-0.035548115990206006,600,nan,0
"常松",0.12463913822810327,-0.1563,0.13504971544604144,0.9229130014561365,16.073845505714417,66.1455294745309,560,"20150924-20180110",209410792.22,652403642.06,nan,0,0.12463913822810327,560,0.03892428510853833,476,nan,84
"应帅",nan,-0.0644,0.056679063439046815,nan,nan,nan,108,"20170803-20180110",444749567.19,444749567.19,nan,0,nan,108,nan,108,nan,0
"庞世恩",-0.020038307749352505,-0.2136,0.1392287756098807,-0.143923608187864,3.748211932182312,65.77871875762939,479,"20160125-20180110",1618328194.95,1902790352.76,nan,0,-0.020038307749352505,479,-0.058463959625128195,476,nan,3
"庞琳琳",-0.11550917205731942,-0.078,0.05808596059095015,-1.9885902011804875,nan,nan,134,"20170628-20180110",325491545.48,326121571.55,nan,0,-0.11550917205731942,134,-0.11550917205731942,134,nan,0
"廖志峰",-0.030987683740012838,-0.1345,0.13094768933463152,-0.23664169942567725,36.747985541820526,nan,517,"20110226-20130413",463981722.63,912364960.01,nan,43,-0.024958247828991822,474,nan,86,0.020387055600424652,431
"张丹华",0.1288362349245634,-0.0778,0.1282385296341604,1.0046608869589204,nan,nan,160,"20170519-20180110",1194290116.92,5530064368.93,nan,0,0.1288362349245634,160,0.1288362349245634,160,nan,0
"张剑峰",-0.05852746280791578,-0.1629,0.14457420089495346,-0.40482646589512467,40.48568948109945,78.28805176417033,320,"20160919-20180110",2685703686.97,3430519561.93,nan,0,-0.05852746280791578,320,-0.05852746280791578,320,nan,0
"张勋",0.006604144945687095,-0.2058,0.19164732539169185,0.034459885793811304,36.52751407623291,67.16319711208344,767,"20141121-20180110",329844534.62,1127234012.67,nan,112,-0.03202324790031917,655,0.06493473558182679,611,-0.22185733504586,156
"张原",-0.1809986411924515,-0.1651,0.08842278567392049,-2.046968321716598,41.99740982055664,28.675511717796326,234,"20170125-20180110",206408859.19,281590206.81,nan,0,-0.1809986411924515,234,-0.1809986411924515,234,nan,0
"张宇帆",0.02398139741198379,-0.0937,0.13322294829534972,0.18000950826293102,40.91202384233475,64.16985529661179,458,"20160301-20180110",59755939.89,250368271.11,nan,0,0.02398139741198379,458,0.02398139741198379,458,nan,0
"张小仁",0.02267153263219798,-0.1581,0.18943250055303754,0.11968132483079574,74.30140590667725,56.12477890650431,274,"20160120-20170308",209877342.75,296507809.53,nan,0,0.02267153263219798,274,-0.057761911579792664,268,nan,6
"张少华",0.04191026516112343,-0.1047,0.12415608208945737,0.33756111223714436,18.009575366973877,nan,439,"20110616-20130408",202165247.08,514443331.18,nan,39,0.011205411202930228,400,nan,82,0.025528416624376247,357
"张帆",0.03893888293916849,-0.0677,0.09782449930756132,0.3980483745359555,40.89358329772949,82.421377658844,247,"20170106-20180110",181077196.96,194589873.43,nan,0,0.03893888293916849,247,0.03893888293916849,247,nan,0
"张旭",0.007558483945480544,-0.3181,0.33772633223647386,0.022380499309684092,38.26231698989868,75.0120706643377,1395,"20120313-20180110",1904440274.03,2937726465.41,0.08924916909228277,513,-0.03995548598684306,882,-0.04137333159572561,1062,0.16361130107689503,333
"张杨",-0.022211508967823125,-0.3078,0.26650614660526883,-0.0833433271643124,48.837720692157745,77.24923348426819,320,"20141118-20160310",1483159785.19,2383743484.01,nan,112,-0.3323190833304523,208,0.09093398587676853,164,-0.141159336881368,156
"张淼",0.0540203027225425,-0.2165,0.2882982436367153,0.18737645446988396,43.647533774375916,79.31459832191467,665,"20150424-20180110",2453369471.86,5398854447.34,nan,39,0.04575914755321255,626,0.0172554072777617,509,0.17397755773147452,156
"张燕",-0.022789777996733686,-0.0577,0.07438910214704239,-0.30635909479974516,30.8162602186203,71.09958148002625,200,"20170321-20180110",2222706611.48,2355637713.95,nan,0,-0.022789777996733686,200,-0.022789777996733686,200,nan,0
"张玮升",nan,-0.0464,0.044705183739833565,nan,nan,nan,52,"20171027-20180110",206062266.07,300706741.07,nan,0,nan,52,nan,52,nan,0
"张琦",0.05381216527843934,-0.1879,0.18661927065273629,0.2883526716733009,24.652043067084417,69.78589947753484,1129,"20130528-20180110",365847765.82,662457742.915,-0.016601342012717162,458,0.10187384387657593,671,0.02710932215312606,973,0.22036259066901534,156
"张继枫",nan,-0.0511,0.038745214795007636,nan,nan,nan,21,"20171211-20180110",14691282.95,14742570.54,nan,0,nan,21,nan,21,nan,0
"张继荣",-0.1598052380751699,-0.3369,0.21488755946108118,-0.7436691006028788,41.017704248428345,63.4723444779714,371,"20140102-20150709",337059459.99,504934265.8,0.026107706651412686,312,nan,59,-0.0956620484048677,351,nan,20
"张自力",0.07421735746404992,-0.1707,0.2740282871154774,0.2708383074071993,12.327838565622057,65.64504310062954,634,"20150609-20180110",9996799330.09,16600674188.5,nan,8,0.05528253802770391,626,-0.009272217488563031,478,0.3300379781521849,156
"张金涛",0.23473947660129138,-0.0606,0.1459498472770682,1.6083571239075487,38.7194135983785,28.965114692846935,397,"20160527-20180110",1370421881.05,7744730658.88,nan,0,0.23473947660129138,397,0.23473947660129138,397,nan,0
"张露",nan,-0.0174,0.027115686284225823,nan,nan,nan,102,"20170811-20180110",541077253.9,550171653.58,nan,0,nan,102,nan,102,nan,0
"张飞",-0.08039947370022191,-0.2149,0.1779917438284231,-0.4517033878701912,48.35979970296224,84.53686924775441,546,"20151021-20180110",203016018.58,378652070.6,nan,0,-0.08039947370022191,546,-0.029523445438338212,476,nan,70
"彭凌志",0.24512468990911632,-0.0984,0.18910973731249975,1.296203428721669,50.53284549713135,78.75556935090572,517,"20151201-20180110",600336382.73,4591653729.29,nan,0,0.24512468990911632,517,0.24815223236904624,476,nan,41
"彭建辉",-0.21850772949543457,-0.3088,0.16234968285433832,-1.345907954076398,47.24761891365051,76.85295003652573,280,"20140726-20150916",45948020.41,97880453.34,0.11175887616472224,174,nan,106,-0.28403146091051573,213,nan,67
"彭敢",nan,-0.0347,0.04071196934414806,nan,nan,nan,25,"20171205-20180110",512884553.99,523193413.37,nan,0,nan,25,nan,25,nan,0
"彭海伟",0.022338113902543318,-0.0902,0.1448611056844146,0.15420366838292499,42.92953300476074,80.86511290073395,448,"20160315-20180110",181077196.96,385950689.96,nan,0,0.022338113902543318,448,0.022338113902543318,448,nan,0
"征茂平",-0.01266553085205987,-0.3388,0.23045219396187402,-0.05495947178595858,46.590355507532756,78.60906704266866,1093,"20130722-20180110",277436255.1,608949053.66,-0.1995528430001983,422,0.10487015577463854,671,-0.019800677890902417,937,0.030191089503039458,156
"徐喻军",0.16831763371649336,-0.0171,0.034558321341592056,4.870538474735393,22.825099170207977,67.04420185089111,214,"20170301-20180110",220420302.01,249745270.13,nan,0,0.16831763371649336,214,0.16831763371649336,214,nan,0
"徐彦",0.12492299775566218,-0.2888,0.2060975278990601,0.6061353526610247,57.22584247589111,75.29782566428185,717,"20150203-20180110",162201199.64,1142151313.53,nan,91,0.2314425889026705,626,0.06250215551062087,561,0.34939794967532994,156
"徐成",0.38168495386262014,-0.0232,0.07181429093168586,5.314888567593074,nan,nan,126,"20170708-20180110",64982760.88,101332689.39,nan,0,0.38168495386262014,126,0.38168495386262014,126,nan,0
"徐治彪",0.02023487911642351,-0.2721,0.1887472257530024,0.1072062332873872,65.61513809363048,88.66530009793739,499,"20150820-20180110",1893624558.31,2692121103.23,nan,0,0.02023487911642351,499,-0.12549837109942472,392,nan,107
"提云涛",0.017005123645586817,-0.0821,0.06617700175787827,0.25696425032677433,nan,nan,124,"20170712-20180110",76170000.16,215949714.97,nan,0,0.017005123645586817,124,0.017005123645586817,124,nan,0
"方伦煜",-0.1084524178340639,-0.3514,0.23528433883184968,-0.4609419325251879,40.691666543483734,63.935036182403564,685,"20150326-20180110",492788472.92,1777950964.17,nan,59,-0.019197606315164244,626,-0.15906470443836848,529,0.06317514379207173,156
"方磊",0.03421878931398795,-0.1134,0.15018965002501358,0.2278371998888667,21.28093585371971,69.45077061653137,450,"20160311-20180110",90314383.6,293152081.86,nan,0,0.03421878931398795,450,0.03421878931398795,450,nan,0
"方超",-0.0876129792140527,-0.3408,0.3934534228976012,-0.22267687638558056,43.29464215040207,74.91607373952866,661,"20150430-20180110",855354291.085,2393207137.51,nan,35,-0.1303251756039635,626,-0.0684551571467651,505,-0.14963028782931065,156
"施卫平",nan,-0.1741,0.15430784884755075,nan,nan,nan,44,"20150424-20150626",3306595180.79,3607986761.04,nan,39,nan,5,nan,33,nan,11
"施旭",-0.01575162000130002,-0.0956,0.061363125554307,-0.2566952034957814,nan,nan,162,"20170517-20180110",174701255.74,303093857.24,nan,0,-0.01575162000130002,162,-0.01575162000130002,162,nan,0
"易祚兴",-0.19975152033107213,-0.3269,0.15624153983055103,-1.2784789534697947,73.6050546169281,80.72417271137238,375,"20160630-20180110",161302680.3,209877342.75,nan,0,-0.19975152033107213,375,-0.19975152033107213,375,nan,0
"是星涛",0.18862256103297245,-0.0698,0.10996988414718242,1.7152201486410787,32.625079655647276,75.7085657119751,464,"20160220-20180110",155117446.36,300311522.54,nan,0,0.18862256103297245,464,0.18862256103297245,464,nan,0
"曲径",nan,-0.0722,0.041493461236238226,nan,nan,nan,37,"20171117-20180110",82871627.45,82871627.45,nan,0,nan,37,nan,37,nan,0
"曲扬",0.13746392622615783,-0.2362,0.36555502448575156,0.3760416818768575,57.97827192147573,77.32105275562832,645,"20150428-20171213",60315680.75,240022763.87,nan,37,0.20445389480168213,608,-0.008161815378221067,489,0.5939446162552685,156
"曹庆",0.08391991197722538,-0.3357,0.3365035576360221,0.24938788928941152,39.83939547340076,77.14873040914536,1312,"20120818-20180110",661583946.74,1485586221.75,0.22400555328796526,529,-0.010722877618408828,783,0.09590790027350736,1087,0.026004608519187882,225
"曹晋",0.10871449485220903,-0.2114,0.22635474832447305,0.48028369476203747,45.12595876057943,64.25271352132161,282,"20130420-20140621",1028740452.84,1201862887.48,0.10871449485220903,282,nan,0,0.10871449485220903,282,nan,0
"曹松涛",nan,-0.0347,0.04071196934414806,nan,nan,nan,25,"20171205-20180110",512884553.99,523193413.37,nan,0,nan,25,nan,25,nan,0
"李佳亮",0.17608914262405417,-0.028,0.07551847466732471,2.3317359546755294,29.60880720615387,64.81479692459106,349,"20160805-20180110",597840524.07,844415834.285,nan,0,0.17608914262405417,349,0.17608914262405417,349,nan,0
"李佳存",-0.014925144765582418,-0.2447,0.2414694885096843,-0.06180965080805161,45.40147540304396,73.94861189524333,719,"20150130-20180110",1150939396.88,3010399904.32,nan,93,-0.031855761278353475,626,-0.002739360245068505,563,-0.058903328644103685,156
"李元博",0.0735072010484165,-0.2938,0.30745557691544784,0.23908234739430806,47.97444858551025,83.22985084056855,269,"20140621-20150725",768079885.8,1226057239.94,0.33678156911434665,199,nan,70,0.11190061003688188,238,nan,31
"李劭钊",-0.25705306483440876,-0.2961,0.10633045352603183,-2.417492414545914,57.36371397972107,81.65730158487956,313,"20160928-20180110",1289947338.61,1906341779.7,nan,0,-0.25705306483440876,313,-0.25705306483440876,313,nan,0
"李化松",0.24009154647487904,-0.1411,0.24187852321679304,0.992612090076669,45.95307493209839,79.36013330221176,496,"20151230-20180110",1374503155.34,3241245978.62,nan,0,0.24009154647487904,496,0.10703484841309067,476,nan,20
"李博",0.16918652912031812,-0.1312,0.2350836038134919,0.7196866407346109,55.02306724786759,75.30716906781308,739,"20141231-20180110",739494942.07,8443346048.67,nan,112,0.16923162548457032,627,0.1969813473340497,583,0.06531230464207853,156
"李威",0.04719528078106702,-0.394,0.3490634084765914,0.13520546592677873,43.322184317641785,74.045004149278,720,"20150129-20180110",3119773529.7400002,7546467625.48,nan,94,-0.03637811945923845,626,0.11049447884099256,564,-0.18165566605097133,156
"李孟海",0.04530270065266916,-0.3198,0.3203696450630343,0.1414075938553905,48.07681470447116,83.14512923359871,702,"20150303-20180110",615019797.99,762908509.73,nan,76,-0.035113472752377,626,0.028473478915679057,546,0.10420497673213389,156
"李安杰",0.09391982108475583,-0.0629,0.09698236450600324,0.9684216461740542,nan,nan,162,"20170517-20180110",266710954.66,268261624.64,nan,0,0.09391982108475583,162,0.09391982108475583,162,nan,0
"李帅",0.10637788084314029,-0.1593,0.26415919140138494,0.4027036889339243,52.34003867421831,77.76464768818447,601,"20150727-20180110",378572320.67,760517581.6,nan,0,0.10637788084314029,601,0.09037400320780009,476,0.16732064687851553,125
"李德亮",nan,-0.1715,0.18132188807759864,nan,nan,nan,43,"20150701-20150829",9343854.14,9343854.14,nan,0,nan,43,nan,0,nan,43
"李晗",0.035354724567717266,-0.0616,0.07229239302176635,0.48905179493881734,62.620683550834656,79.74717378616333,293,"20161102-20180110",167470386.71,184160962.1,nan,0,0.035354724567717266,293,0.035354724567717266,293,nan,0
"李林益",0.022486919903854014,-0.1697,0.2002859795809532,0.11227405907743566,46.04550075531006,69.83012802260262,615,"20150707-20180110",385895671.82,1353443168.22,nan,0,0.022486919903854014,615,-0.03959953607509583,476,0.23509953174543785,139
"李欣",0.18324865845829347,-0.1962,0.23149627946512982,0.7915836007459296,33.70260405540466,78.38058066368103,613,"20150709-20180110",1616282323.18,2876153209.39,nan,0,0.18324865845829347,613,0.05454397852538393,476,0.630426962458767,137
"李海",nan,-0.1012,0.08761770631250823,nan,nan,nan,110,"20170801-20180110",1367545641.49,1367545641.49,nan,0,nan,110,nan,110,nan,0
"李游",0.12509887287695895,-0.1812,0.17590149677507452,0.7111870857865584,53.041077971458435,90.37299299240112,293,"20161102-20180110",14778373.22,883310521.18,nan,0,0.12509887287695895,293,0.12509887287695895,293,nan,0
"李湘杰",0.19174914894167625,-0.0717,0.1551653496110769,1.2357729958544026,38.22067451477051,nan,286,"20161111-20180110",376731429.86,418522272.49,nan,0,0.19174914894167625,286,0.19174914894167625,286,nan,0
"李耀柱",0.26366244866198596,-0.0596,0.139436479585495,1.8909144109617473,44.59003221988678,nan,288,"20161109-20180110",913343674.31,2129095150.32,nan,0,0.26366244866198596,288,0.26366244866198596,288,nan,0
"杜冬松",-0.024388714287077163,-0.2507,0.1867918958559611,-0.13056623348308313,36.88430717587471,76.54864268643516,751,"20120313-20150417",239709421.36,1933055907.75,0.031953703050767335,486,-0.1277185815557276,265,-0.06803037236347817,574,0.11713847066125184,177
"杜毅",-0.02897686226983869,-0.2351,0.20283138263089476,-0.14286182884514345,37.8404740691185,71.48083201050758,644,"20150228-20171017",2495578667.55,3718896681.55,nan,77,-0.004737927319147189,567,-0.020910135191974016,488,-0.054211239282646144,156
"杜洋",0.03786240586348558,-0.324,0.2007579878019527,0.18859725721517373,47.57719877362251,73.78645133972168,708,"20150216-20180110",966759839.88,1789384629.05,nan,82,0.08712747647899989,626,0.04100041566130015,552,0.026758678886603052,156
"杜蜀鹏",-0.2570676176009047,-0.3008,0.25180376580426406,-1.0209045793252052,41.64838035901388,69.40185753504436,193,"20150415-20160122",1501576791.94,3243387723.85,nan,46,-0.13901028802175358,147,nan,40,-0.22333897465871455,153
"杨大力",-0.03939520892393465,-0.2417,0.13539075994083222,-0.290974132512078,35.65738068024317,58.063617420196536,543,"20120906-20141206",6441643403.44,7310066128.57,0.0258561737335035,417,-0.25534621343307506,126,-0.05101457319469439,487,nan,56
"杨旭",0.017005123645586817,-0.0821,0.06617700175787827,0.25696425032677433,nan,nan,124,"20170712-20180110",76170000.16,215949714.97,nan,0,0.017005123645586817,124,0.017005123645586817,124,nan,0
"杨景喻",-0.01585814189441914,-0.1582,0.1643421522918923,-0.09649467086358396,43.30518345038096,75.13417947292328,496,"20151230-20180110",107322601.86,184880717.57,nan,0,-0.01585814189441914,496,0.010104453355112107,476,nan,20
"杨柯",-0.030937456102024388,-0.1935,0.2646538662599566,-0.11689780519448761,44.64648302793503,66.13592446247736,788,"20141023-20180110",486578121.1133334,1397192274.14,nan,117,-0.06797606190678813,671,-0.04014686310139463,632,0.0063724491774753604,156
"杨超",0.03263490349095304,-0.064,0.07290036584377253,0.44766446797935866,12.334444403648376,67.53982543945312,332,"20160830-20180110",240375107.21,557146209.96,nan,0,0.03263490349095304,332,0.03263490349095304,332,nan,0
"杨鑫鑫",0.03938609054097066,-0.2432,0.22924533187876295,0.17180760113274676,46.06150811910629,61.04170334339142,676,"20150409-20180110",3396877980.2,8642087014.06,nan,50,0.09858022911318402,626,-0.05479730490525181,520,0.353330742028379,156
"杨锐文",0.0442609668571848,-0.2323,0.24135856654250748,0.18338262234164235,48.56749131944444,68.63149166107178,758,"20141025-20180110",115664801.32,822707168.42,nan,115,0.024656768907053116,643,0.061327607225227634,602,-0.021598760716928966,156
"杨雨龙",0.05021625794768032,-0.1541,0.22991795868675413,0.21840946324726285,13.216520935297012,63.13997634251913,460,"20150725-20170617",1531882919.09,2538825049.34,nan,0,0.05021625794768032,460,-0.005106414707600278,335,0.19848102066383272,125
"杨飞",0.16465406261260465,-0.0962,0.17198516579995965,0.9573736307241638,64.91593968868256,78.78961372375488,422,"20160203-20171030",229642892.14,318398495.5,nan,0,0.16465406261260465,422,0.16465406261260465,422,nan,0
"杨鹏",0.0019997546511419427,-0.3749,0.21220567885187572,0.009423662278792341,47.37807011604309,79.36595328648885,268,"20140430-20150603",120761759.3,284296286.42,0.3495660250371664,223,nan,45,0.0019997546511419427,268,nan,0
"林峰",-0.02352872712815796,-0.2199,0.26253892831487213,-0.0896199557116312,52.030056306294036,76.68423066820417,651,"20150515-20180110",3483891005.44,5695093310.8,nan,25,-0.019760403818316414,626,-0.11523093091382444,495,0.26744941949943746,156
"林庆",0.08578197641919624,-0.2517,0.283180715494272,0.3029230866567656,53.29316510472979,75.81019636562893,658,"20150506-20180110",2134862788.0,5339489350.37,nan,32,0.10935852911851088,626,0.0737756823517568,502,0.12441761502082849,156
"林彤彤",0.001952501098094026,-0.1302,0.1512831925749369,0.012906265824122338,30.6367627620697,nan,353,"20090624-20101204",1572713097.03,3006354923.32,-0.0440610562187036,328,nan,25,-0.11275275544847906,128,0.06720704704458881,225
"林景艺",0.03239535285007954,-0.1373,0.19762687615451657,0.16392179788720085,9.878710959638868,57.46585839135306,648,"20150520-20180110",1961244823.2,3517078298.81,nan,22,0.03593823865642916,626,-0.052627042526649404,492,0.3005429074997631,156
"林晶",nan,-0.0327,0.035458198296699,nan,nan,nan,84,"20170906-20180110",1550715220.62,1550715220.62,nan,0,nan,84,nan,84,nan,0
"林梦",nan,-0.0463,0.04543737567968714,nan,nan,nan,55,"20171024-20180110",206062266.07,300706741.07,nan,0,nan,55,nan,55,nan,0
"柏重波",0.10330887692237921,-0.0833,0.16777330147107442,0.615764701633356,44.80990046262741,83.65646976232529,471,"20160204-20180110",275163416.54,335389906.63,nan,0,0.10330887692237921,471,0.10330887692237921,471,nan,0
"柯海东",nan,-0.0395,0.07132281021158665,nan,nan,nan,103,"20170810-20180110",43753782.89,57961325.95,nan,0,nan,103,nan,103,nan,0
"柴妍",0.03296190027195601,-0.1466,0.17331024129425301,0.19019014702075213,34.124057847261426,71.0772047996521,293,"20150812-20161027",514809292.115,893487204.5450001,nan,0,0.03296190027195601,293,0.0885517218098578,180,nan,113
"栾江伟",0.13994856729669825,-0.0469,0.09698523460074299,1.4429883875913843,16.841923534870148,63.490580002466835,451,"20150716-20170523",1261895558.22,2636465924.27,nan,0,0.13994856729669825,451,0.041582246448652785,319,0.3776671760128078,132
"桂志强",-0.0844030185357504,-0.1767,0.13930452163004756,-0.6058885781173734,49.46373492479324,71.90402245521545,256,"20140314-20150331",1609000410.17,1713611278.9,-0.017042086080152823,211,nan,45,-0.0844030185357504,256,nan,0
"桑俊",nan,-0.0486,0.03810380766303739,nan,nan,nan,27,"20171201-20180110",225572862.04,225758420.61,nan,0,nan,27,nan,27,nan,0
"梁冬冬",0.0010833031485286248,-0.2912,0.27196947731736704,0.003983179139122641,48.08762164413929,75.74613315718514,500,"20140923-20161014",2252620095.36,3562570704.795,0.4850302854121413,134,-0.17609947177858595,366,-0.00975389452233826,344,0.0249807133971069,156
"梁洪昀",0.08740986558924273,-0.1184,0.13162089504173347,0.6641032608198523,30.82558415995704,68.52872652477689,686,"20150325-20180110",195537459.54,453182351.64,nan,60,0.12451576220310556,626,0.038760401902794,530,0.2526932999085877,156
"梁浩",-0.09207542438743412,-0.3138,0.2173506703780589,-0.42362613479534467,46.06194385886192,72.50566586852074,714,"20140307-20170729",769185802.98,1905492540.87,0.006364615706066706,271,-0.1522949523001624,443,-0.13564400244621183,578,0.09309103236237098,136
"梁辉",-0.13121398270335322,-0.3325,0.28390465463261083,-0.46217622910463285,44.32557467619578,79.40202617645264,463,"20080805-20150403",1698720209.44,3045127067.35,-0.2997008516606699,368,nan,95,-0.20553972434881335,376,nan,87
"梅韬",-0.08639492066408122,-0.2298,0.16639558748437644,-0.519214012644375,48.62415140015738,67.2615566934858,580,"20150825-20180110",2041144405.81,3296779027.04,nan,0,-0.08639492066408122,580,-0.09267551732318478,476,nan,104
"欧阳沁春",-0.01417296836504836,-0.5014,0.4573225970615271,-0.03099118315192626,47.047392630577086,82.13252687454224,824,"20140826-20180110",6422923785.97,10835414074.28,0.8494631017608995,153,-0.21109743741016032,671,0.03811183550446455,668,-0.23805917980629648,156
"段炼炼",-0.22045275878866943,-0.3703,0.18370003075751398,-1.2000692535521098,45.08113141854604,68.05738043785095,361,"20140916-20160312",496718799.19,825699630.44,3.376931313594068e-05,139,-0.35850513449205196,222,-0.28876098514920134,205,-0.13068874337899652,156
"段鹏程",0.010538778665287157,-0.2271,0.16315898930276987,0.06459208107578199,62.15396680831909,86.06621055603027,516,"20151202-20180110",335329830.36,580097660.1,nan,0,0.010538778665287157,516,-0.00813988441097856,476,nan,40
"毕天宇",-0.04149371431358804,-0.3421,0.3364028469171518,-0.12334531260315695,46.98068739067424,80.65447843074799,871,"20140620-20180110",1543166628.03,3058060321.0,0.16087475785769867,200,-0.1018121858996646,671,-0.08113646086807874,715,0.1402022073944937,156
"江科宏",0.011270674970445201,-0.2718,0.2325969420496154,0.04845581748035641,40.587912023067474,69.25938601493836,834,"20140812-20180110",72101445.62,837241873.43,-0.0020464979969329095,163,0.014505696123474457,671,0.006649703202655188,678,0.031354129191994005,156
"汪鸣",0.061873089356082496,-0.2467,0.3025025921055396,0.2045373856978247,53.86533207159776,73.14496927994948,965,"20140128-20180110",3263668922.61,4937756110.87,0.354051367755054,294,-0.0661454111644806,671,0.01250407322089397,809,0.3178957435443355,156
"沙炜",0.11141365155039362,-0.1661,0.28600359448003954,0.3895533262543289,44.34948577199663,76.51462629863194,646,"20150522-20180110",1588697858.7,2523033040.01,nan,20,0.13061631827908687,626,0.02787171700978328,490,0.3738210100433365,156
"洪流",0.16392319497567992,-0.0964,0.22887115114269366,0.716224802283968,35.453269263108574,61.382244070370994,541,"20151028-20180110",545529142.08,1026352735.13,nan,0,0.16392319497567992,541,0.11415096501491129,476,nan,65
"温震宇",nan,-0.3973,0.12215234572671828,nan,nan,nan,99,"20061201-20070430",10419070915.85,10419070915.85,nan,78,nan,21,nan,99,nan,0
"潘明",-0.056509437554688645,-0.28,0.22704812122456466,-0.2488874924395314,51.136832332611085,87.59584017594655,478,"20160126-20180110",53769715.95,260782139.93,nan,0,-0.056509437554688645,478,-0.06100578141396268,476,nan,2
"潘明曦",0.22913654408867207,-0.0536,0.0810129737597045,2.828393199937608,42.44055891036987,80.34528422355652,133,"20170629-20180110",1739726682.45,1744963389.66,nan,0,0.22913654408867207,133,0.22913654408867207,133,nan,0
"潘龙玲",-0.1948450752037312,-0.1095,0.06729279391310906,-2.8954820252421434,nan,nan,120,"20170718-20180110",193120349.43,230165150.77,nan,0,-0.1948450752037312,120,-0.1948450752037312,120,nan,0
"王东杰",0.17569121102566243,-0.1323,0.23167259300075294,0.7583599283368466,31.96498921939305,60.76993727684021,599,"20150729-20180110",139115514.38,380250360.39,nan,0,0.17569121102566243,599,0.1375479641642906,476,0.32330247530219136,123
"王伟",0.02427479832246719,-0.2834,0.32446238921481035,0.07481544588638302,31.022076508828572,57.54300969839096,626,"20150619-20180110",2991403505.56,6374911023.92,nan,0,0.02427479832246719,626,-0.046042267250573296,476,0.24741428640758217,150
"王俊",0.12513861428824,-0.133,0.18604885244821878,0.6726115890613658,30.526483952999115,67.28425443172455,260,"20150520-20160608",2204595568.835,3218168319.04,nan,22,0.17231893773854667,238,nan,104,0.3226173799235522,156
"王健",nan,-0.108,0.08804120710228484,nan,nan,nan,46,"20150325-20150530",3170811643.19,3218883282.26,nan,46,nan,0,nan,46,nan,0
"王凯",-0.019353908105368064,-0.0917,0.12317174402392361,-0.15712944765650927,57.47337794303894,82.65379881858826,326,"20160907-20180110",626525090.52,906977684.17,nan,0,-0.019353908105368064,326,-0.019353908105368064,326,nan,0
"王创练",0.021041188919799884,-0.2468,0.17982209259150547,0.11701114482967505,33.625958904623985,65.57230883836746,683,"20150330-20180110",957219846.99,1517201778.94,nan,57,0.05978769311262955,626,-0.031753946891777025,527,0.1993939874627553,156
"王君正",0.0052776635908517965,-0.3151,0.1423294330845151,0.037080619773971306,36.66016780888592,63.93277293664438,722,"20150127-20180110",1681592389.2733333,3946525562.2300005,nan,96,0.07383549772567467,626,-0.013689160468777599,566,0.0740931919097639,156
"王品",-0.02185062549750165,-0.3749,0.2431457175190227,-0.08986638021207241,36.3129372105879,73.68317089762006,1511,"20090624-20180110",1353327351.23,3006354923.32,-0.08619630262353975,838,0.05827073769955603,673,-0.11569995399645487,801,0.08402727890765532,710
"王大鹏",-0.11139579990734456,-0.104,0.04463478234060155,-2.4957173322208535,45.245046615600586,62.92933130264282,133,"20170629-20180110",861245911.4300001,1022316597.83,nan,0,-0.11139579990734456,133,-0.11139579990734456,133,nan,0
"王学兵",-0.014679777160695417,-0.1473,0.13383450233019673,-0.10968604436901812,52.09294576644898,86.6407328248024,554,"20120416-20140726",77775126.3,335507737.19,-0.008820952147705587,355,-0.025131449922561666,199,-0.03476257810598594,398,0.03655711243049445,156
"王宗合",0.0979536758827757,-0.207,0.3254583531297344,0.3009714605288663,44.101752837498985,71.99243670039706,760,"20141202-20180110",311646737.57,580731137.64,nan,112,0.09375111505777217,648,0.14913073134728727,604,-0.10019338501828223,156
"王宠",-0.022939734861186264,-0.3416,0.27733396644550234,-0.08271520129754481,42.906973640124,68.16851663589478,543,"20150818-20171109",93949548.71,504426531.69,nan,0,-0.022939734861186264,543,-0.051483226838653695,434,nan,109
"王平",-0.06664368966049934,-0.1731,0.13407267259547226,-0.49707138949619145,9.508457221090794,71.1694498360157,448,"20160315-20180110",186426898.815,252439919.73,nan,0,-0.06664368966049934,448,-0.06664368966049934,448,nan,0
"王忠波",0.023769729581889023,-0.1891,0.28599894213361543,0.08311125000869436,31.11201974749565,70.92263212800026,572,"20140903-20170107",1856861403.4250002,4955045668.115,0.08025217429980216,147,0.004233448702987423,425,-0.09591851427441322,416,0.34293837986536213,156
"王文祥",0.10297038169482312,-0.2196,0.22056903089148325,0.4668397067287431,43.17593603134155,74.65679655075073,254,"20141226-20160111",1353443168.22,3201651858.65,nan,112,0.021058539415417427,142,nan,110,-0.008344136725800151,144
"王晓宁",-0.054967425332746164,-0.365,0.23862824651590958,-0.23034752228748173,49.539319491386415,70.44073567390441,805,"20140923-20180110",22166093.74,305504961.54,-0.12577814647715188,134,-0.04082638713103165,671,-0.04307225108266884,649,-0.10445440025774673,156
"王晓明",-0.026074391889860788,-0.2307,0.162094643064481,-0.1608590598486863,nan,nan,312,"20060920-20080103",3694425074.21,8449286492.75,-0.5265917518079589,140,0.3813234592062655,172,-0.026074391889860788,312,nan,0
"王晓李",0.18760600363391064,-0.0701,0.128307208490788,1.4621626161197334,52.53658616542816,75.75105357170105,255,"20150901-20160914",3694583104.89,4369989971.15,nan,0,0.18760600363391064,255,0.01320073430981152,156,nan,99
"王本昌",0.14331870360313786,-0.0362,0.04998384771192035,2.867300341285224,24.567153215408325,74.29148721694946,197,"20170324-20180110",69328247.79,201030406.44,nan,0,0.14331870360313786,197,0.14331870360313786,197,nan,0
"王林",nan,-0.0679,0.035978584819458315,nan,nan,nan,28,"20170809-20170915",58236848.91,58236848.91,nan,0,nan,28,nan,28,nan,0
"王汉博",0.008625192148446524,-0.235,0.21437532992846625,0.04023407054965055,41.793775987625125,67.24294271469117,362,"20140917-20160315",653414469.27,972269665.06,0.18195494245703828,138,-0.09815831473809664,224,-0.14667222745592617,206,0.21369742572857955,156
"王海华",0.002513512578060831,-0.3078,0.2865485929590835,0.008771680056442424,48.30303353733487,78.56736453374226,770,"20141118-20180110",764952940.5,2383743484.01,nan,112,-0.0913058993585468,658,0.039016712114984226,614,-0.141159336881368,156
"王烁杰",-0.08175798846952025,-0.3553,0.2939722664589249,-0.2781146312009124,56.39357656240463,76.10410480201244,594,"20141211-20170519",6141851183.88,13159624022.125,nan,112,-0.23408442885035732,482,-0.07648514776958625,438,-0.096562502742412,156
"王筱苓",0.12514076000469102,-0.2347,0.29212514660411254,0.428380649387509,32.2551688849926,54.81814459959666,593,"20150806-20180110",296121751.27,1234097937.595,nan,0,0.12514076000469102,593,0.06531469545464662,476,nan,117
"王翔",nan,-0.0279,0.043662347766612195,nan,nan,nan,68,"20170928-20180110",33982318.87,33982318.87,nan,0,nan,68,nan,68,nan,0
"王航",-0.032914316828218416,-0.2214,0.1755496208888568,-0.18749295305546107,49.23926942689078,70.0817358493805,428,"20140915-20160617",709884213.08,4403457814.84,-0.14981469356378185,140,0.023912255196013983,288,-0.04977994027459359,272,-0.003507588767871812,156
"王超",-0.06515551992554806,-0.1086,0.07281201583891585,-0.8948457088414298,33.82694935798645,91.56356000900269,161,"20170518-20180110",55070720.39,75724556.99,nan,0,-0.06515551992554806,161,-0.06515551992554806,161,nan,0
"王鹏",nan,-0.018,0.01200448548941306,nan,nan,nan,15,"20171219-20180110",101895555.87,101895555.87,nan,0,nan,15,nan,15,nan,0
"田俊维",nan,-0.1014,0.07176755074161832,nan,nan,nan,104,"20170809-20180110",49262401.54,58236848.91,nan,0,nan,104,nan,104,nan,0
"田大伟",-0.01919496550246233,-0.1946,0.13149557926226582,-0.14597422673942734,12.281970237310116,66.63635793099037,950,"20140225-20180110",3387974366.35,9072864632.94,0.012224639558592184,279,-0.032259153001768286,671,-0.07191888755012026,794,0.2491562787657452,156
"申坤",0.2367761515725376,-0.0895,0.13345669991506065,1.7741795782694705,50.739780962467194,82.07908821199089,419,"20160426-20180110",567509877.8,2920973115.95,nan,0,0.2367761515725376,419,0.2367761515725376,419,nan,0
"申庆",-0.0035355250567107033,-0.0939,0.08400795549130616,-0.042085598155957846,54.11422371864319,75.62475037574768,266,"20151231-20170207",3246813329.17,4244452643.5,nan,0,-0.0035355250567107033,266,-0.0062351734074274695,247,nan,19
"盖婷婷",0.1510221457388003,-0.1715,0.23415343221632592,0.6449708821661703,40.58270725182125,59.056209666388376,619,"20150701-20180110",46077560.09,1101735858.13,nan,0,0.1510221457388003,619,0.11852661236561268,476,0.25918909598801243,143
"盛松",-0.14188463739183957,-0.1646,0.05150518059905127,-2.7547643895544964,8.907288253307343,62.48302602767944,241,"20170116-20180110",2924189537.12,3387974366.35,nan,0,-0.14188463739183957,241,-0.14188463739183957,241,nan,0
"盛震山",0.1028515532770488,-0.0918,0.15362960791614358,0.6694774182668537,53.93265421049936,62.45884806769235,558,"20150926-20180110",1848780611.54,3180441329.6,nan,0,0.1028515532770488,558,0.15136238386039752,476,nan,82
"祝昱丰",nan,-0.0351,0.038872050429139,nan,nan,nan,58,"20171019-20180110",40235916.25,40235916.25,nan,0,nan,58,nan,58,nan,0
"程世杰",-0.014679777160695417,-0.1473,0.13383450233019673,-0.10968604436901812,52.09294576644898,86.6407328248024,554,"20120416-20140726",77775126.3,335507737.19,-0.008820952147705587,355,-0.025131449922561666,199,-0.03476257810598594,398,0.03655711243049445,156
"程彧",0.1511545832721486,-0.0503,0.10660915392729864,1.4178386911805658,36.51529681682587,26.322867453098297,287,"20161110-20180110",914774474.29,1260396348.98,nan,0,0.1511545832721486,287,0.1511545832721486,287,nan,0
"程志田",-0.02377299872081647,-0.2137,0.13942857451683666,-0.1705030608194719,3.748211932182312,65.77871875762939,480,"20160122-20180110",1618328194.95,1902790352.76,nan,0,-0.02377299872081647,480,-0.058463959625128195,476,nan,4
"程洲",0.02057221608330019,-0.0793,0.06403172727826638,0.32128160456922117,nan,nan,143,"20170615-20180110",184345083.18,204988914.6,nan,0,0.02057221608330019,143,0.02057221608330019,143,nan,0
"童立",nan,-0.0407,0.013472093452067216,nan,nan,nan,9,"20171227-20180110",226329648.55,227390322.41,nan,0,nan,9,nan,9,nan,0
"缪东航",0.009451909565593664,-0.0445,0.05434974016186984,0.17390901110921672,44.91539144515991,73.02208614349365,156,"20170525-20180110",54914540.78,55382633.05,nan,0,0.009451909565593664,156,0.009451909565593664,156,nan,0
"罗建辉",0.14147996986888073,-0.1222,0.19384321588285622,0.7298680494156692,24.504040241241455,nan,648,"20101220-20130821",724588614.73,1194237028.28,0.5214521075520376,130,0.046120166975424315,518,0.32140261706819373,173,0.07595024783628888,475
"翁启森",-0.061604048357105444,-0.3841,0.26280789175002495,-0.23440714792423883,28.888955995440483,71.4953522880872,916,"20140415-20180110",922459447.465,2799883859.7349997,-0.10458652231448538,245,-0.04591000048891146,671,-0.0872280859807567,760,0.06323100673247652,156
"翟云飞",-0.13961108598994618,-0.1915,0.0611999250710467,-2.281229688236911,8.907288253307343,62.48302602767944,266,"20161209-20180110",3135584990.66,3387974366.35,nan,0,-0.13961108598994618,266,-0.13961108598994618,266,nan,0
"聂毅翔",nan,-0.0353,0.06785370863402879,nan,nan,nan,108,"20170803-20180110",36039705.78,114145328.13,nan,0,nan,108,nan,108,nan,0
"肖勇",0.23216117028452246,-0.0327,0.07638215165000109,3.039468845396412,33.65083235502243,80.05745166540146,254,"20150724-20160805",214852138.73,329116429.74,nan,0,0.23216117028452246,254,0.2583615790842233,128,0.20554488198006476,126
"肖觅",0.08000149425506975,-0.0515,0.07899392047543309,1.0127550800564458,34.68184673786163,64.79829978942871,252,"20161229-20180110",201830771.87,239517676.16,nan,0,0.08000149425506975,252,0.08000149425506975,252,nan,0
"胡东健",0.09843939107941324,-0.0853,0.13129363099605906,0.7497651663115937,41.37558402121067,63.87548549473286,622,"20150626-20180110",64527841.510000005,255389736.44,nan,0,0.09843939107941324,622,0.05717797739498744,476,0.2329629041875406,146
"胡倩",nan,-0.0823,0.049169129755113124,nan,nan,nan,23,"20150204-20150313",879463096.2750001,893389701.42,nan,23,nan,0,nan,23,nan,0
"胡戈游",-0.016390569188522074,-0.2555,0.22613781021263057,-0.07248044532274596,34.84392276075151,66.45858134163751,726,"20150121-20180110",274137726.67,1848778971.73,nan,100,0.03440483933984996,626,-0.011133909952742145,570,-0.03559759331925638,156
"胡文彪",-0.015765177985721322,-0.1694,0.1871954967107845,-0.08421772031235555,42.40364295244217,70.01556805769603,663,"20150428-20180110",481305579.8733334,1932749412.53,nan,37,0.01584372933756313,626,-0.10789106223659893,507,0.2836439458296308,156
"苏天杉",0.12403526304141996,-0.0265,0.06505964874017137,1.9064852860915285,26.23027527332306,79.48561906814575,282,"20161117-20180110",170222498.67,294990145.89,nan,0,0.12403526304141996,282,0.12403526304141996,282,nan,0
"范妍",0.16392319497567992,-0.0964,0.22887115114269366,0.716224802283968,35.453269263108574,61.382244070370994,541,"20151028-20180110",545529142.08,1026352735.13,nan,0,0.16392319497567992,541,0.11415096501491129,476,nan,65
"茹奕菡",nan,-0.0629,0.06085021082867247,nan,nan,nan,58,"20170517-20170808",267728819.13,268261624.64,nan,0,nan,58,nan,58,nan,0
"莫海波",0.13168747491914193,-0.1083,0.11700418577401882,1.125493708177948,44.49382519721985,49.39105749130249,218,"20170223-20180110",825267232.11,971189051.31,nan,0,0.13168747491914193,218,0.13168747491914193,218,nan,0
"萧楠",0.06872589388657316,-0.3693,0.29442146177395245,0.2334269162053775,55.45743951201439,82.73577214082083,1283,"20120928-20180110",2097047212.71,13308301779.75,-0.04500084707046017,529,0.14851561002221064,754,0.038511672631212863,1087,0.2362914985017602,196
"董伟炜",0.1373130852802253,-0.0972,0.12349176327207233,1.1119210030040818,24.955876782536507,60.94501984119415,648,"20150520-20180110",1735976778.23,3218883282.26,nan,22,0.13070627105713323,626,0.1640839241955077,492,0.05288197793202724,156
"董承非",0.05046535558000389,-0.3092,0.3917492759330351,0.12882054589586617,43.67583891868591,64.3000427722931,2165,"20070206-20151231",6441643403.44,8507120673.98,-0.08378418818718737,1169,0.20803334419832312,996,-0.08489932488628016,1123,0.19635262637044204,1042
"蒋朋宸",-0.03443384508521327,-0.1509,0.10904269754217183,-0.3157831368936569,29.862324833869934,57.46210527420044,234,"20140703-20150616",1236785076.04,2830989920.41,0.017366460625379287,189,nan,45,-0.047036904108735844,230,nan,4
"蒋秋洁",0.13725499832810542,-0.1689,0.18869709074870625,0.7273826945794949,32.437933039665225,70.36515004634857,748,"20141218-20180110",407030080.97,687930971.74,nan,112,0.1322925887200008,636,0.12968451711120949,592,0.1659840039717098,156
"蒋鑫",nan,-0.033,0.020866622765058556,nan,nan,nan,12,"20171222-20180110",689292118.27,690690000.8,nan,0,nan,12,nan,12,nan,0
"蒯学章",0.13124167074398144,-0.086,0.08035628642844318,1.6332470871566644,55.70012629032135,76.87698459625244,192,"20170331-20180110",289678345.93,306379910.57,nan,0,0.13124167074398144,192,0.13124167074398144,192,nan,0
"蓝雁书",0.11175089724920158,-0.1333,0.15711743920015042,0.7112571196303878,48.16844713687897,66.73378952344258,538,"20151102-20180110",33434960.98,482555358.18,nan,0,0.11175089724920158,538,0.12464058407597202,476,nan,62
"蔡海洪",-0.10545226154317358,-0.2793,0.14205789291239657,-0.7423189192887949,51.87782824039459,83.3018448750178,414,"20130427-20150110",2318520298.31,2637880472.76,-0.02208881842925306,369,nan,45,-0.10545226154317358,414,nan,0
"蔡滨",0.018778389566320736,-0.1373,0.10221283089726305,0.18371851558632024,50.7741273244222,65.82582871119182,389,"20160608-20180110",82411436.02,216121189.09,nan,0,0.018778389566320736,389,0.018778389566320736,389,nan,0
"蔡立辉",0.048697060900211434,-0.1285,0.13593424605782733,0.35823982780244634,35.93713927268982,nan,291,"20091211-20110226",1607170455.9,2275778171.18,0.035439597258611365,212,nan,79,nan,12,0.021869103862749272,279
"薄官辉",0.11969449405313042,-0.2008,0.3138502063784608,0.3813745908734407,36.4532276391983,62.48372586071491,662,"20150429-20180110",1564873828.14,3339796191.33,nan,36,0.0936483907099759,626,0.07837412382332457,506,0.25372082313185956,156
"薛玲",nan,-0.0475,0.0541136834641657,nan,nan,nan,79,"20170913-20180110",244035441.82,244035441.82,nan,0,nan,79,nan,79,nan,0
"袁宏隆",-0.023541662556461812,-0.305,0.22435597119782963,-0.1049299576506638,36.741061210632324,nan,935,"20070626-20110426",13008396682.51,28509079236.44,-0.15753224148091655,570,0.1857038990515909,365,-0.07018008748388954,422,0.014823669450116202,513
"袁斌",0.2250164528699278,-0.035,0.09964380730665451,2.258208100955417,45.228434681892395,74.64194758733113,419,"20151015-20170701",581876743.93,1657633262.21,nan,0,0.2250164528699278,419,0.14665902951615528,345,nan,74
"袁玮",0.11273514838134363,-0.1333,0.11264812752328292,1.0007725015938922,46.79192900657654,63.51763725280762,430,"20160411-20180110",31891361.37,482555358.18,nan,0,0.11273514838134363,430,0.11273514838134363,430,nan,0
"袁航",0.04850838657850453,-0.2114,0.23746441819425512,0.20427644253979468,48.11625146865845,79.43414910634358,780,"20141104-20180110",386918991.97,1493154023.81,nan,112,0.025322382687606133,668,0.014984611911310005,624,0.18260348524728262,156
"袁芳",0.21047251184156987,-0.0999,0.2055751648954354,1.0238226584841874,34.195561456680295,64.56132640838624,496,"20151230-20180110",266486934.13,430307505.4,nan,0,0.21047251184156987,496,0.08170044562091085,476,nan,20
"詹成",-0.0028555592847955133,-0.0668,0.0758590148639975,-0.03764297875361356,nan,nan,127,"20170707-20180110",506230706.09,685670630.36,nan,0,-0.0028555592847955133,127,-0.0028555592847955133,127,nan,0
"许一尊",0.022048618887940498,-0.1292,0.08049619619346782,0.27390882961659396,9.80207747220993,69.17465702692668,522,"20151124-20180110",1637875359.41,1759076604.95,nan,0,0.022048618887940498,522,0.007838086116049666,476,nan,46
"许俊哲",-0.039315800700439225,-0.2868,0.27369764282972164,-0.14364683704966788,37.308851540088654,79.42000135779381,673,"20150414-20180110",1840870066.87,5418692990.52,nan,47,-0.010698583125458433,626,-0.053241541728477414,517,0.006835533347610444,156
"许定晴",nan,-0.0425,0.050496506624138654,nan,nan,nan,44,"20171108-20180110",61105593.45,146149864.63,nan,0,nan,44,nan,44,nan,0
"许杰",-0.005977441900731533,-0.3877,0.24523723008917783,-0.024374120921843316,40.70764859984903,73.01728720664978,1215,"20100208-20180110",201616802.92000002,3045127067.35,-0.18221056261350072,315,0.055704150348737554,900,-0.044193797582945456,658,0.03916862998238642,557
"谢书英",-0.0901046021411183,-0.2151,0.17687131051734006,-0.5094359389183395,44.16282730102539,51.66120119094849,477,"20160127-20180110",56142683.03,245577986.82,nan,0,-0.0901046021411183,477,-0.09029389752376771,476,nan,1
"谢天翎",0.0428535601988844,-0.1958,0.23743370429320662,0.1804864238902013,29.96500653028488,46.510556280612946,292,"20150415-20160622",5929529094.31,12118579081.74,nan,46,0.18008010545713876,246,-0.2227164035436054,136,0.27437609269233704,156
"谢屹",0.017595625305609736,-0.1125,0.17737274694120167,0.09920140274673996,11.244794809818268,75.52734155654908,510,"20151210-20180110",108389383.56,280366066.97,nan,0,0.017595625305609736,510,-0.018215967672943097,476,nan,34
"谢泽林",nan,-0.0139,0.033922818922117744,nan,nan,nan,60,"20171017-20180110",2064948141.96,2064948141.96,nan,0,nan,60,nan,60,nan,0
"谭丽",0.3516946303892078,-0.0605,0.10693053095826467,3.2890010667437473,63.849509477615356,84.34476804733276,187,"20170411-20180110",1959454020.63,4355840424.965,nan,0,0.3516946303892078,187,0.3516946303892078,187,nan,0
"谭冬寒",0.003383723004105721,-0.1002,0.0990890650762983,0.03414829882086649,57.6724169254303,84.60075902938843,329,"20160902-20180110",3852883461.99,4238053581.96,nan,0,0.003383723004105721,329,0.003383723004105721,329,nan,0
"谭志强",0.03814870669402321,-0.2125,0.2577672688619435,0.14799670595282258,45.22092489401499,66.23556407292683,592,"20150807-20180110",922571818.19,1927625243.9,nan,0,0.03814870669402321,592,-0.023001246385016785,476,nan,116
"贾成东",0.20043071092759984,-0.069,0.11598810477044072,1.728028157062181,52.16930639743805,84.64864087104797,250,"20161231-20180110",446555549.09,533419449.02,nan,0,0.20043071092759984,250,0.20043071092759984,250,nan,0
"贾殿村",0.09596267085308195,-0.1796,0.1945873455928972,0.49315987409504375,44.43434472878774,68.07890804608662,329,"20141227-20160505",72101445.62,829081586.96,nan,112,0.08604056490375307,217,0.15422239628157774,173,0.031354129191994005,156
"赵伟",-0.060057942403639174,-0.065,0.07370636957117724,-0.8148270326303623,64.87695026397705,nan,140,"20170620-20180110",1411212150.89,1556785412.06,nan,0,-0.060057942403639174,140,-0.060057942403639174,140,nan,0
"赵大年",-0.062292268175695956,-0.1946,0.07306058290554694,-0.8526111577323122,7.637696638703346,64.30006003379822,419,"20160426-20180110",3272970431.96,3387974366.35,nan,0,-0.062292268175695956,419,-0.062292268175695956,419,nan,0
"赵宇",0.07015420138559658,-0.0298,0.03639867432163838,1.9273834196728183,19.29148421684901,64.5495228767395,255,"20160727-20170811",550171653.58,660549451.48,nan,0,0.07015420138559658,255,0.07015420138559658,255,nan,0
"赵宏宇",-0.10236537109170372,-0.2028,0.15632218762477723,-0.6548358403057475,28.988965392112732,78.6111847559611,312,"20160203-20170518",162219480.66,332476665.65,nan,0,-0.10236537109170372,312,-0.10236537109170372,312,nan,0
"赵强",0.10308674219709743,-0.0704,0.05516844210647686,1.8685817155782054,27.696829557418823,74.75684690475464,162,"20170517-20180110",1023829726.08,1073133300.67,nan,0,0.10308674219709743,162,0.10308674219709743,162,nan,0
"赵晓东",0.08540058586794544,-0.265,0.28852432959497365,0.29599093424055284,47.94861217548973,78.97943075497945,1737,"20101123-20180110",1441889083.35,3166995501.84,-0.01643786338319559,529,0.12999705909133402,1208,0.012379389182614754,1087,0.20751449478633663,650
"赵菲",-0.07039671705889548,-0.1097,0.07420851496626096,-0.9486339551586699,nan,nan,162,"20170517-20180110",121160722.58,122412543.14,nan,0,-0.07039671705889548,162,-0.07039671705889548,162,nan,0
"赵蓓",-0.023170528028804014,-0.2139,0.24103488323610647,-0.09612935570868077,57.24292404563338,75.8308707828875,770,"20141118-20180110",1652733177.216667,4920385190.795,nan,112,-0.08415118771402855,658,0.007548247485853669,614,-0.1440764778108541,156
"赵雪芹",nan,-0.0443,0.021245435204670055,nan,nan,nan,12,"20171222-20180110",310325301.07,310492251.25,nan,0,nan,12,nan,12,nan,0
"赵鹏程",0.10212507431798523,-0.097,0.15604348543220578,0.6544654782294914,48.98889640967051,nan,356,"20160727-20180110",1223819751.2,1669479538.0,nan,0,0.10212507431798523,356,0.10212507431798523,356,nan,0
"赵鹏飞",0.2725290133665226,-0.0516,0.10699831525826632,2.5470402287055443,58.81104576634243,58.848157269181684,201,"20170320-20180110",831942149.33,2024328997.17,nan,0,0.2725290133665226,201,0.2725290133665226,201,nan,0
"邓时锋",0.08300565463880889,-0.2097,0.18070562029414158,0.4593418539152095,40.375527580579124,68.37085024515788,575,"20150901-20180110",139928807.19,279834330.58,nan,0,0.08300565463880889,575,0.16573381556815672,476,nan,99
"邬炜",0.06744790644717547,-0.2248,0.2924052116266716,0.23066588338818525,36.712894241015114,72.62882335980733,593,"20150806-20180110",121564414.18,239365803.11,nan,0,0.06744790644717547,593,0.0483153586734676,476,nan,117
"邱杰",0.07118886015131656,-0.3225,0.30309835604544183,0.23487049247025152,23.66626642478837,60.745836562580536,732,"20150113-20180110",1105510167.77,1807173747.84,nan,106,0.19309744027324735,626,-0.07597515840774302,576,0.6145636979078437,156
"邱璟旻",nan,-0.0715,0.09177517958134493,nan,nan,nan,103,"20170810-20180110",488908498.27,489357921.71,nan,0,nan,103,nan,103,nan,0
"邵卓",0.10763916752408711,-0.1587,0.2667357496996228,0.40354233598346684,36.88690122961998,65.26740169525146,687,"20150324-20180110",814556098.04,3422248339.42,nan,61,0.14253820641654882,626,0.0050023766729158795,531,0.45699901330595855,156
"邵骥咏",0.05077314515270578,-0.1631,0.18935774423665852,0.2681334495052376,39.57211620807648,nan,534,"20100608-20120818",565542331.24,707852912.42,nan,93,0.10441279854260722,441,nan,0,0.05077314515270578,534
"郑川江",0.056061107751047126,-0.135,0.16349202783989433,0.34289811247522756,38.22173251211643,68.06023812294006,636,"20150605-20180110",519501889.93,811851217.88,nan,10,0.06115580356878907,626,0.041734914963009094,480,0.10014170094501046,156
"郑泽鸿",0.053237898881892516,-0.1264,0.1492138798975441,0.3567891868936568,nan,nan,149,"20170607-20180110",1483098357.35,1484782286.04,nan,0,0.053237898881892516,149,0.053237898881892516,149,nan,0
"郑煜",-0.0850086835737602,-0.1459,0.0916158286358257,-0.9278820574954465,28.175604939460754,75.55537188053131,326,"20160907-20180110",874549527.38,1328171545.32,nan,0,-0.0850086835737602,326,-0.0850086835737602,326,nan,0
"郑磊",0.08859411956359148,-0.165,0.20780969224549126,0.42632332787891736,42.769184827804565,80.45109394937754,591,"20150609-20171108",65831420.78,71407043.4,nan,8,0.07697562390056187,583,0.05124261493291965,435,0.19274735362988818,156
"郝康",0.19313456228364193,-0.0548,0.12538892386612782,1.5402840723782198,52.702409744262695,nan,251,"20161230-20180110",1750565494.46,2255428215.85,nan,0,0.19313456228364193,251,0.19313456228364193,251,nan,0
"郭世凯",-0.02795869017423522,-0.0577,0.07427622693133168,-0.37641505673252645,30.8162602186203,71.09958148002625,198,"20170323-20180110",2222706611.48,2355637713.95,nan,0,-0.02795869017423522,198,-0.02795869017423522,198,nan,0
"郭东谋",0.03906162396815549,-0.1426,0.17794388327754893,0.21951653099100302,54.57103291153908,82.1440013051033,718,"20150202-20180110",1946347266.9,3705178807.23,nan,92,0.07030414113968264,626,0.04156415891135017,562,0.030046081416390022,156
"郭党钰",0.040472820704878766,-0.1829,0.2667855732463011,0.15170543224057154,46.64686352866037,68.63872459956578,624,"20150624-20180110",368255124.7,694717196.35,nan,0,0.040472820704878766,624,-0.05477345997116846,476,0.3468054531494631,148
"郭堃",0.11939720653237218,-0.0659,0.17762071621105993,0.6722031589518929,31.419432282447815,66.05597791671752,532,"20151110-20180110",702526397.99,1179854863.91,nan,0,0.11939720653237218,532,0.04594846941661861,476,nan,56
"郭晨",0.05613620930312692,-0.2068,0.3061771182646358,0.1833455407160999,41.88086988244738,74.38969779014587,634,"20150609-20180110",1162117494.945,3477750501.27,nan,8,0.035820161136289844,626,-0.020218462200004124,478,0.2900947540370803,156
"鄢耀",0.029884283185072864,-0.2525,0.16599505040977394,0.18003117027466048,41.42450234293938,69.37363094091415,690,"20150319-20180110",1265742273.89,4308501079.02,nan,64,0.09891462744969584,626,-0.020831083428952304,534,0.2034868842869285,156
"金昉毅",0.17968278968464177,-0.1108,0.11356986674839806,1.5821343709305378,9.831773832440376,60.60937011241913,647,"20150521-20180110",1223650768.21,3088277856.38,nan,21,0.14789582356324216,626,0.08485139865170468,491,0.47815851402548937,156
"金笑非",-0.05849634241934019,-0.1617,0.1048870276231026,-0.5577080764414347,47.419108748435974,84.04546689987183,379,"20160624-20180110",1653507177.14,1905492540.87,nan,0,-0.05849634241934019,379,-0.05849634241934019,379,nan,0
"钟贇",0.09181899753252211,-0.0839,0.092363803575143,0.99410152005945,37.727946639060974,70.24519193172455,219,"20170222-20180110",1739726682.45,2046935145.85,nan,0,0.09181899753252211,219,0.09181899753252211,219,nan,0
"钱亚风云",0.15465689144858452,-0.1838,0.258666939828932,0.5978997221325076,40.48001039028168,71.89900374412537,520,"20151126-20180110",147809619.56,243518229.31,nan,0,0.15465689144858452,520,0.03856029098029963,476,nan,44
"钱斌",-0.14131959881475525,-0.1418,0.126121160036134,-1.1205066522879021,54.05471118291219,68.47251272201538,209,"20131029-20140829",2158094274.16,2803608579.58,-0.14131959881475525,209,nan,0,-0.14131959881475525,209,nan,0
"钱钧",0.07830190804025323,-0.0587,0.09347747942993995,0.8376553210224225,34.59623222691672,63.541484355926514,750,"20101207-20140109",8895205360.37,12965868550.85,0.07624442115684872,223,0.07917253341975841,527,0.08002156673560205,266,0.0773568063605781,484
"闫思倩",nan,-0.1015,0.036605150629206835,nan,nan,nan,60,"20171017-20180110",1511003114.72,1511003114.72,nan,0,nan,60,nan,60,nan,0
"陈一峰",0.12028071238651236,-0.1975,0.1538631112421906,0.7817384648954788,31.899693260590237,72.10731674234073,912,"20140421-20180110",168001251.01500002,3443469728.13,-0.10124722357682926,241,0.19984588759838295,671,0.06383717211484115,756,0.3938147921646111,156
"陈勤",nan,-0.1167,0.16468087357166247,nan,nan,nan,63,"20150323-20150619",2932729367.39,3344967189.67,nan,62,nan,1,nan,56,nan,7
"陈嘉平",-0.037190189784704356,-0.2647,0.1797637430120856,-0.20688370836940154,53.92629175186157,74.78088970184326,318,"20131213-20150403",822707168.42,1139332499.57,0.09906146302218555,273,nan,45,-0.037190189784704356,318,nan,0
"陈小鹭",-0.06157226623170807,-0.1629,0.1442825606377247,-0.4267478062460248,40.48568948109945,78.28805176417033,317,"20160922-20180110",2685703686.97,3430519561.93,nan,0,-0.06157226623170807,317,-0.06157226623170807,317,nan,0
"陈少平",-0.20398685872321784,-0.4256,0.22965518376638408,-0.8882310226044048,36.68873119354248,nan,435,"20061201-20180110",4192882216.72,10419070915.85,-0.8132881136589669,184,0.24267222856035878,251,-0.34580816575923606,298,0.10450036388067559,137
"陈平",-0.04323090247398937,-0.2471,0.2512980058818062,-0.17203042388773393,37.98326679638454,83.03900166920253,601,"20150725-20180110",746341562.35,1226057239.94,nan,0,-0.04323090247398937,601,-0.10090413723591089,476,0.17638877549940762,125
"陈思郁",0.003280746943837358,-0.0736,0.10878104195162362,0.030159179255668002,35.31417918205261,77.20721566677094,301,"20161021-20180110",1040705992.19,1113882614.37,nan,0,0.003280746943837358,301,0.003280746943837358,301,nan,0
"陈明星",0.010438896678237265,-0.1287,0.1315951582091864,0.07932584162134124,7.568966332823038,62.30853199958801,790,"20120307-20150608",40307576.71,267612559.17,0.08337144869306061,521,-0.1308170869638554,269,0.013971090461940052,609,-0.0014456669365416632,181
"陈桥宁",-0.1843929943833734,-0.2341,0.1554764702261471,-1.1859864976042096,54.41013164520264,79.63931818008423,326,"20130724-20141124",961709936.9,1168865832.88,-0.16573004444031383,308,nan,18,-0.1843929943833734,326,nan,0
"陈璇淼",nan,-0.036,0.039647617408285575,nan,nan,nan,29,"20171129-20180110",688597270.81,690690000.8,nan,0,nan,29,nan,29,nan,0
"陈逊",0.005796133555652578,-0.1433,0.13994204442123084,0.04141809975425253,40.46645200252533,66.4065191745758,296,"20140414-20150626",279601352.89,494145880.03,0.12877728730630453,246,nan,50,0.044883100179300736,285,nan,11
"陈鹏",-0.14572386136933713,-0.2396,0.09621819596213445,-1.5145145875181973,45.7600132226944,88.618408203125,306,"20161014-20180110",1735818822.13,2266834734.81,nan,0,-0.14572386136933713,306,-0.14572386136933713,306,nan,0
"陶灿",0.059339286880265206,-0.2135,0.2227815327308359,0.2663563992620465,36.81392793763768,64.75057774240321,897,"20140514-20180110",186133118.27,453122030.08,0.010643020891290869,226,0.07574071178862318,671,0.019308186779413594,741,0.24948701235931042,156
"陶羽",0.02907320378287722,-0.0889,0.07737052128538204,0.37576590282544925,13.924517345428466,71.54336857795715,327,"20160301-20170701",9914001378.78,12129259589.23,nan,0,0.02907320378287722,327,0.02907320378287722,327,nan,0
"雷俊",0.13497709849016098,-0.2209,0.3397062097416101,0.39733479877458905,7.537585743835995,67.15044815199715,579,"20150629-20171109",433045702.89,1423139636.11,nan,0,0.13497709849016098,579,0.014177667565645183,434,0.4965422917400907,145
"雷鸣",0.05401967217317452,-0.184,0.23375997219515457,0.2310903430809625,42.15140554308891,67.4967151582241,377,"20151202-20170620",2558950555.7,2909646984.02,nan,0,0.05401967217317452,377,-0.06285346693213106,337,nan,40
"韩冬燕",0.17828058211379985,-0.0653,0.16068151889353122,1.109527613016466,49.278687953948975,67.56183675924937,535,"20151105-20180110",127532073.6,377060225.66,nan,0,0.17828058211379985,535,0.1376818350190677,476,nan,59
"韩冰",0.027168451878914167,-0.2755,0.2745846650270016,0.0989438061890402,28.612849990526836,70.49212781588237,494,"20150619-20170629",2997752494.87,8443986334.2,nan,0,0.027168451878914167,494,-0.15120930477291625,344,0.43624810713377854,150
"韩林",-0.022789777996733686,-0.0577,0.07438910214704239,-0.30635909479974516,30.8162602186203,71.09958148002625,200,"20170321-20180110",2222706611.48,2355637713.95,nan,0,-0.022789777996733686,200,-0.022789777996733686,200,nan,0
"韩贤旺",0.03670752375720661,-0.4322,0.4090812922597486,0.0897316119112554,40.05382982889811,77.82501747873094,756,"20141208-20180110",4574628132.93,7546467625.48,nan,112,-0.051384310304695854,644,0.08641892506999407,600,-0.15449017359966796,156
"顾中汉",-0.013309809671719311,-0.3438,0.20954080487286386,-0.06351893932923883,36.11689707636833,61.97650143504143,636,"20140820-20170330",405425721.62,765908591.92,0.29661493495117686,157,-0.11489265916189613,479,-0.09520881920349371,480,0.23868714273374025,156
"顾耀强",0.10212507431798523,-0.097,0.15604348543220578,0.6544654782294914,48.98889640967051,nan,356,"20160727-20180110",1223819751.2,1669479538.0,nan,0,0.10212507431798523,356,0.10212507431798523,356,nan,0
"颜媛",0.041496653106319746,-0.1484,0.21661397315656125,0.191569604220903,38.59920290538243,71.43512105941772,528,"20150323-20180110",1834702893.7,3983179594.81,nan,62,0.0911616056505106,466,-0.020918387649777184,372,0.19033251952470467,156
"饶玉涵",0.15813579564398164,-0.072,0.10375309226017618,1.5241550126277954,40.64573683738708,70.10054683685303,490,"20160108-20180110",139928807.19,246732989.81,nan,0,0.15813579564398164,490,0.16573381556815672,476,nan,14
"马君",nan,-0.0656,0.06735128794849742,nan,nan,nan,77,"20170915-20180110",19752202.825,22694276.33666667,nan,0,nan,77,nan,77,nan,0
"马志强",0.007376654855402354,-0.2552,0.13282429374217986,0.05553694017542375,30.16437429189682,73.99605528513591,882,"20110802-20150325",1331245246.21,2582999858.71,-0.05703218109978008,470,0.0808527541246637,412,-0.06865678967946028,558,0.13832314266544332,324
"高源",nan,-0.0254,0.048899199237960475,nan,nan,nan,40,"20171114-20180110",463648514.73,463648514.73,nan,0,nan,40,nan,40,nan,0
"魏伟",0.08553436645790471,-0.2754,0.4163503238052618,0.2054384530703798,69.85289108753204,78.17259865999222,695,"20150312-20180110",3242244566.03,7907120775.99,nan,69,0.11926471697605392,626,0.0295281085720631,539,0.27904316774296084,156
"魏晓雪",0.10635356622109256,-0.0972,0.10169260663080978,1.0458338097990167,24.057140350341797,61.06515312194824,415,"20150520-20170125",1660239365.81,3218883282.26,nan,22,0.09409663206598681,393,0.13856039159983474,259,0.05288197793202724,156
"鲍无可",0.10435675132442408,-0.079,0.12841397804595614,0.8126588157488387,52.723693549633026,18.50336804240942,396,"20160528-20180110",5639082881.09,6487960848.35,nan,0,0.10435675132442408,396,0.10435675132442408,396,nan,0
"黄一明",-0.0017386515984227212,-0.2584,0.2362730258388418,-0.007358654642229997,47.84693902730942,68.98504287004471,556,"20141219-20170331",347745703.87,1856442397.43,nan,112,0.0027016054691746034,444,-0.0056734514525339655,400,0.008350578796734287,156
"黄安乐",-0.0947810980378111,-0.3318,0.29803668485072693,-0.31801822680078007,52.949239095052086,75.99417891140328,789,"20141022-20180110",2155349535.84,4598859583.6,nan,118,-0.17730950030493509,671,-0.08233472569363347,633,-0.14528464735745455,156
"黄栋",nan,-0.0457,0.048032905164577575,nan,nan,nan,94,"20170823-20180110",568245598.62,568245598.62,nan,0,nan,94,nan,94,nan,0
"黄立华",nan,-0.1725,0.21230143331238827,nan,nan,nan,76,"20150807-20151201",224616753.62,224723362.19,nan,0,nan,76,nan,0,nan,76
"黄艳芳",-0.09793888854615523,-0.1886,0.10364626237564138,-0.9449341085855936,20.626851121584576,66.13177522023518,335,"20160825-20180110",17237386.11,490178712.225,nan,0,-0.09793888854615523,335,-0.09793888854615523,335,nan,0
"黄韵",0.08184121935025529,-0.0846,0.08404093038987676,0.973825717666181,58.136693358421326,85.10614913702011,205,"20170314-20180110",44419175.43,110953682.05,nan,0,0.08184121935025529,205,0.08184121935025529,205,nan,0
"黎海威",0.12178253608995869,-0.1722,0.21296276146518872,0.5718489713980606,20.582126423716545,69.31927505135536,716,"20150204-20180110",822147938.78,1905406213.4675,nan,90,0.10080028643049639,626,0.1291758929991842,560,0.09524228051838006,156
"齐海滔",-0.01225226302028805,-0.315,0.2632107741315735,-0.04654924579251229,44.69550008773804,90.07060230970383,833,"20140813-20180110",1573732155.66,2139657260.87,0.15481666720304263,162,-0.052587831867053576,671,-0.047343290563675235,677,0.1400337988186424,156
"龙昌伦",0.0028535521588502638,-0.0746,0.04955499958712423,0.0575835371329858,13.599244236946106,66.76826190948486,138,"20170622-20180110",549941415.7,619870944.9,nan,0,0.0028535521588502638,138,0.0028535521588502638,138,nan,0
